Formula,Energy,sigma bond length,Bond length,O sigma,Cation sigma,DeltaH,T/K
"['Sn', 'Zr', 'Pb', 'V']",-5532.14728462042,0.1240835229484009,2.1043659545668643,0.4625073985517198,0.0702338924731012,0.0223720413231323,187.27396970872724
"['Sn', 'Hf', 'Pb', 'V']",-5660.293488461102,0.1167822395120939,2.094233772301885,0.5005992402498673,0.0646604129165442,0.0367775820557128,307.861213394964
"['Sn', 'Pb', 'Pt', 'V']",-4812.92164873424,0.1146243990600145,2.0829889502546908,0.3028574150253553,0.0628563775031859,0.0419070248973216,350.7992318559282
"['Hf', 'Zr', 'Pb', 'V']",-6277.840072697554,0.1318416589273219,2.1036999152679257,0.6378905132340017,0.0839026564154472,0.0423686896341717,354.66377808555853
"['Ti', 'Sn', 'Pb', 'V']",-5425.557769987965,0.1325199526961459,2.069825120886444,0.4107579155344858,0.0554282133764348,0.0483968828922272,405.1251403413196
"['Ti', 'Zr', 'Pb', 'V']",-6043.714015773739,0.1501284264022502,2.076695705874462,0.5266454226360376,0.0726903276670528,0.0516065000436452,431.9925028903848
"['Sn', 'Hf', 'Zr', 'Pb']",-5988.435594411974,0.0653968339033733,2.13593372704721,0.6250719084929184,0.0328956382262125,0.055380902652109,463.5876242097402
"['Sn', 'Hf', 'Zr', 'V']",-6450.240879078421,0.0928582626035963,2.077476190253804,0.4213960923222229,0.050068219815923,0.0575135312235719,481.4396303241377
"['Zr', 'Pb', 'Pt', 'V']",-5427.542462590936,0.1286386055053415,2.0890561678526427,0.5604838206742259,0.0836984692369894,0.0589269230217013,493.2709821872222
"['Hf', 'Pb', 'Pt', 'V']",-5558.206446952862,0.1180853102080776,2.078942763299444,0.5567184622037902,0.0713679781497399,0.0634973835931749,531.5298197360364
"['Ti', 'Hf', 'Pb', 'V']",-6172.270964677653,0.1386148874593683,2.067283482634732,0.5178264326106073,0.0679460238701804,0.0644075678729798,539.1488751804452
"['Ti', 'Sn', 'Hf', 'V']",-6347.999418531112,0.1020064894249345,2.042251918880274,0.3785822030979897,0.0475737734510446,0.0665537865225678,557.1146423880917
"['Ti', 'Sn', 'Zr', 'V']",-6214.867095223071,0.1120851240870203,2.05328517044394,0.3321578579083111,0.0485998192861479,0.071625274959354,599.5675307128965
"['Pb', 'Rh', 'Ir', 'Pt']",-4705.781038724666,0.0844020300604301,2.065082944327385,0.1625544203767581,0.0659700395850376,0.0724485746801191,606.4592847884778
"['Ti', 'Pb', 'Pt', 'V']",-5323.640387143683,0.1281947869073554,2.0531143489147223,0.479921499679254,0.0689729768258479,0.0744539552736025,623.246111662884
"['Ti', 'Sn', 'Hf', 'Zr']",-6678.717763871151,0.0944547003463981,2.083373653476965,0.3244523046019819,0.0299359345584294,0.0750936720050292,628.6011121321304
"['Sn', 'Hf', 'Pt', 'V']",-5731.454278550992,0.0694444623358996,2.046891227428444,0.4465215015902284,0.0606905016489143,0.0753335329276421,630.608962310257
"['Ti', 'Hf', 'Pt', 'V']",-6250.021734924927,0.0796316510758946,2.019826921559288,0.5137292688907886,0.0585015772369237,0.0772214087551272,646.4121693320826
"['Sn', 'Pb', 'Ir', 'V']",-5046.106137895227,0.1174671895594061,2.077445097242784,0.2194191293834118,0.0726075249503728,0.0809311594708939,677.4660965592354
"['Ti', 'Sn', 'Pt', 'V']",-5498.076020424271,0.0752652435554321,2.019016721915957,0.4023972477661531,0.0474551987963003,0.0816502542859698,683.4855624931281
"['Pb', 'Rh', 'Ru', 'V']",-5153.737492518365,0.1239745678512574,2.0482207749479646,0.2371430630657981,0.0627108793245287,0.0822335965458309,688.368658278853
"['Sn', 'Zr', 'Pt', 'V']",-5597.253180463123,0.0785912894532012,2.0560187509409213,0.4633244906069848,0.0568694779073675,0.0845799228481354,708.0095052859707
"['Ti', 'Hf', 'Zr', 'V']",-6961.9496439576415,0.1142671253245086,2.052825898876008,0.3664795292923227,0.0522953104334145,0.0861931707022858,721.5138308594464
"['Hf', 'Zr', 'Pt', 'V']",-6347.636966116649,0.0848318379987964,2.057776003069768,0.5921154138588786,0.065481187547871,0.0862523618763937,722.0093138592676
"['Sn', 'Pb', 'Rh', 'V']",-4933.887730132763,0.1157679618557808,2.07230066889126,0.2799411448724046,0.0554738715917582,0.0930952050018723,779.2900231916525
"['Sn', 'Rh', 'Pt', 'V']",-5014.834808064183,0.0619362742578318,2.0211684589303567,0.232974320376531,0.0459311478265023,0.0934234689928263,782.0378860178685
"['Ti', 'Rh', 'Pt', 'V']",-5533.806163875423,0.0613350022265438,1.9928872908449808,0.4074452879760534,0.039902772219475,0.0937336126433354,784.6340654085589
"['Ti', 'Sn', 'Zr', 'Pb']",-5746.650399644134,0.1025604337095019,2.1096309410370697,0.5450501952886169,0.0370924041130497,0.0945372202648062,791.3609790230718
"['Sn', 'Pb', 'Ru', 'V']",-5110.815672786936,0.1218699908985348,2.0770619662430296,0.2281424719642134,0.0641230152216819,0.0982427236582923,822.3793523688144
"['Ti', 'Zr', 'Pt', 'V']",-6112.436723304572,0.091619444607164,2.028625547061657,0.4936691340940606,0.057691135679871,0.0996862109118907,834.4626300769515
"['Ti', 'Sn', 'Hf', 'Pb']",-5877.078920449732,0.0988099843956517,2.100407310461218,0.572977888669173,0.0358747466757908,0.1000274603531847,837.3191927217707
"['Hf', 'Rh', 'Pt', 'V']",-5763.486308008486,0.0701107918742925,2.0216659114934914,0.502460014896614,0.0586985629652971,0.1018626490727374,852.6813615874229
"['Ge', 'Ti', 'Pt', 'V']",-5529.068733331883,0.0641290072566167,1.9735978205162967,0.368618649606258,0.0475255612572783,0.1022762688684633,856.1437287436823
"['Ge', 'Sn', 'Pt', 'V']",-5009.77661034932,0.0685193204445422,2.002837341296948,0.2227863451626617,0.0459773169199429,0.1032191219809259,864.0362514988831
"['Ge', 'Zr', 'Pb', 'V']",-5547.688388293662,0.1799042741030954,2.081864037588282,0.4540404412434718,0.0864358924373227,0.1033559044773806,865.1812431752237
"['Ge', 'Pb', 'Pt', 'V']",-4833.276432256932,0.138128151841482,2.041474296844578,0.2728154205026493,0.073921963844838,0.1040874511396587,871.3049421928159
"['Zr', 'Pb', 'Rh', 'V']",-5550.033587041355,0.1388773501189572,2.080539426030676,0.4780239619365252,0.0721248831240609,0.1041579037047855,871.8946930947062
"['Ti', 'Hf', 'Zr', 'Pb']",-6494.780542495657,0.1094352621820239,2.110946475294297,0.598466910509958,0.0365939528320881,0.1050129514883924,879.0522068152419
"['Ge', 'Hf', 'Pt', 'V']",-5760.105453763088,0.0784779728937354,2.00417711152224,0.4738967073565509,0.0525596740652521,0.1051061791332426,879.832605478266
"['Pb', 'Rh', 'Ru', 'Pt']",-4766.473377438187,0.099219127090021,2.0686471022270987,0.1834599815708819,0.0568579288715358,0.1054523114385679,882.7300420566476
"['Ti', 'Sn', 'Rh', 'V']",-5625.821629400283,0.0838818866914144,2.012315823398961,0.3757647636264761,0.0433468149188012,0.1063559047909512,890.2939255511891
"['Ge', 'Ti', 'Hf', 'V']",-6374.039003798826,0.0983822394739567,1.996751570869596,0.3951621547798487,0.0507660537943648,0.1065279559484109,891.7341474238859
"['Ge', 'Sn', 'Hf', 'V']",-5854.740419894249,0.0931894661545228,2.023620315202725,0.3618681012557123,0.0515180536722859,0.1074960470374994,899.8379345872773
"['Ge', 'Rh', 'Pt', 'V']",-5047.495552482278,0.0619208798041533,1.9768589689446885,0.2179489841138312,0.0455450755328359,0.1075337354874914,900.1534205789319
"['Ge', 'Ti', 'Pb', 'V']",-5446.67936055755,0.1678062098000907,2.04448663862818,0.4296160437602481,0.0614391555775701,0.1075819691076382,900.5571790642598
"['Ge', 'Sn', 'Zr', 'V']",-5722.817186103089,0.1053416527956618,2.0322882080435094,0.3355011817528976,0.0581012486361663,0.1078445295489718,902.755044490432
"['Zr', 'Pb', 'Ir', 'V']",-5658.072024938473,0.1410729747960903,2.0826382192828614,0.4544347518212489,0.1018554015210538,0.1083218654603141,906.7507724488452
"['Pb', 'Rh', 'Ru', 'Ir']",-5008.759016841419,0.1215087458830961,2.073594521493446,0.1975305539176588,0.0600423490177378,0.1089250778783696,911.8001992076832
"['Ge', 'Sn', 'Pb', 'V']",-4926.905020227401,0.1370962443852225,2.0562810913814995,0.2788846085540324,0.0704184133720799,0.1104084837341119,924.21763127307
"['Ge', 'Ti', 'Sn', 'V']",-5622.11443632412,0.0912442336191157,1.995307343110603,0.2344717291671232,0.0452364773770087,0.1108741959091323,928.1160581755622
"['Ti', 'Pb', 'Ir', 'V']",-5557.353413652292,0.1315999857501391,2.0494318566160112,0.4000129276071155,0.0666922436354479,0.1114134908330273,932.6304384139512
"['Hf', 'Pb', 'Ir', 'V']",-5789.062362656445,0.1259587044077656,2.074141658291487,0.5269194652133365,0.0782793741063589,0.1116175082347341,934.3382463048562
"['Ti', 'Rh', 'Ir', 'V']",-5771.818701879344,0.0572928232776118,1.984943326169722,0.359055430664681,0.0497948597414457,0.1138981814241981,953.4295181128322
"['Sn', 'Rh', 'Ru', 'V']",-5321.274317502606,0.0612054405694864,2.0102437346444164,0.1600598602021571,0.0485208114961126,0.1163783654657999,974.190873966343
"['Ge', 'Ti', 'Zr', 'V']",-6239.089288032697,0.1113008446370966,2.003312779992513,0.3501828064719789,0.0535571409494376,0.1186986336746027,993.6135914544504
"['Ge', 'Hf', 'Pb', 'V']",-5675.590816560857,0.1488866639028077,2.0552528275412985,0.5492654836790192,0.0787683533732527,0.1187136935438992,993.739656012696
"['Ti', 'Sn', 'Hf', 'Pt']",-5953.324166766022,0.0667319250285837,2.0516122705459483,0.5411293104646816,0.0437346626211515,0.1187222540907386,993.8113154364532
"['Sn', 'Hf', 'Zr', 'Pt']",-6053.243316705788,0.0521792834071368,2.089081645365245,0.5846048607750001,0.0448484648412106,0.1187535246024609,994.0730775519644
"['Ti', 'Pb', 'Rh', 'V']",-5446.305446851479,0.1346797179616677,2.047636174948597,0.4445290442250785,0.0581768192467056,0.119005501357555,996.1823480704312
"['Hf', 'Pb', 'Ru', 'V']",-5856.152470023883,0.1289431932529122,2.075337256188688,0.4760778821194633,0.0671497274834111,0.1196299611888145,1001.4096346570462
"['Hf', 'Zr', 'Pb', 'Pt']",-5876.041671782351,0.0779905510620562,2.120110916056846,0.7351415465603219,0.0492223336388972,0.1223619585699751,1024.278893095022
"['Ti', 'Pb', 'Ru', 'V']",-5623.542734158694,0.1512988975490881,2.061499399588364,0.3933708512720194,0.0645349318107621,0.1229446424630333,1029.1564777625208
"['Sn', 'Ir', 'Pt', 'V']",-5116.284257049429,0.0544608981987317,2.0228458685925945,0.1981809911370209,0.0499724922724988,0.1233256686853554,1032.346007595169
"['Ge', 'Sn', 'Hf', 'Zr']",-6183.543093927145,0.0926228963582821,2.0662045651769745,0.4006388169005624,0.0398984953718506,0.1235190235634862,1033.9645606394397
"['Zr', 'Pb', 'Ru', 'V']",-5723.075989693174,0.1577237410983472,2.1002217141500528,0.422360573776909,0.0855899049315672,0.1244833129954008,1042.0365245364533
"['Ge', 'Hf', 'Zr', 'V']",-6468.805870339199,0.1095397234200939,2.0313974954764205,0.372960741992131,0.0506502028840251,0.1266853334890125,1060.4694030235962
"['Ge', 'Ti', 'Sn', 'Hf']",-6082.6921165691565,0.0965715512529812,2.030407280668345,0.3575292279118476,0.0383401789507897,0.1271277039041951,1064.1724385462098
"['Sn', 'Pb', 'Ce', 'V']",-5360.084980770857,0.1735520929974885,2.146777291342302,0.41942151488095,0.0899634475016787,0.1280043710572567,1071.5109257005909
"['Ge', 'Ti', 'Hf', 'Zr']",-6701.21115292855,0.1141023053534035,2.038017939540394,0.2994028982726817,0.040737024386366,0.1289201703774134,1079.176984048381
"['Ti', 'Hf', 'Zr', 'Pt']",-6569.655520011943,0.0804725990917089,2.062606492217005,0.5650890808445329,0.0446153929698379,0.1290603577259617,1080.3504773781306
"['Sn', 'Ru', 'Pt', 'V']",-5183.728843934855,0.0571205457254949,2.020489836757833,0.2029858420623869,0.0555441209699291,0.129953436022296,1087.8263404609645
"['Ge', 'Zr', 'Pt', 'V']",-5621.437032319891,0.0924638352211289,2.0137873816622145,0.4314042120840163,0.0586550845173853,0.1318030509104844,1103.3092692442774
"['Sn', 'Pb', 'Ir', 'Pt']",-4651.661989354361,0.0894125284706944,2.09579994158825,0.2352379043012654,0.0734805838700534,0.1321968800694426,1106.6059710927989
"['Hf', 'Pb', 'Rh', 'V']",-5674.674903176432,0.1286477133037965,2.069993076579138,0.5397398350047512,0.066836570441168,0.132254412037386,1107.0875650549367
"['Zr', 'Rh', 'Pt', 'V']",-5623.417974428858,0.0828136980712995,2.029866035773062,0.4716137528808991,0.0639727925421218,0.1340279276329123,1121.933474782947
"['Hf', 'Ir', 'Pt', 'V']",-5864.320249389084,0.0587010316605274,2.022723327788165,0.4625786591975926,0.0766250010935262,0.1341691753459226,1123.1158443104148
"['Ti', 'Ir', 'Pt', 'V']",-5632.43757860321,0.0505120680754968,1.9938737206779755,0.3782877469133801,0.0576901389613434,0.1346437586540663,1127.088530521291
"['Sn', 'Hf', 'Rh', 'V']",-5850.299627487359,0.0763265487342903,2.038474777459946,0.4850258279374583,0.0498630816232103,0.1348058242124876,1128.445164010397
"['Ti', 'Rh', 'Ir', 'Pt']",-5385.074689062414,0.0343252849359871,2.0045472403367497,0.4020648389381919,0.043172422195008,0.1350852468511219,1130.78418109014
"['Ti', 'Sn', 'Pb', 'Pt']",-5022.002361622896,0.0980208996886183,2.085315395808881,0.4754745209164434,0.0457041165517339,0.135253462179067,1132.1922936434446
"['Hf', 'Ru', 'Pt', 'V']",-5933.129206734668,0.0615727759633965,2.020041902408444,0.4461276614929079,0.0646979629356662,0.1354673705728739,1133.9828979733593
"['Ti', 'Ru', 'Pt', 'V']",-5700.243893574322,0.0558948738603958,1.9912840025936904,0.3520855414390978,0.053403468223118,0.1398585256562956,1170.7407884224865
"['Hf', 'Pb', 'Ce', 'V']",-6107.686668410956,0.1783831856877664,2.1479071095771367,0.5589306286023573,0.1075453227278535,0.140544380450466,1176.4820056897386
"['Ti', 'Hf', 'Rh', 'Pt']",-5986.441133840249,0.0545201348514773,2.0279369538647813,0.5980175728728689,0.044303785513023,0.1410133326704725,1180.4075546629356
"['Ge', 'Sn', 'Rh', 'V']",-5133.989973563532,0.0770848796612047,1.994673077813644,0.185613932850351,0.0415674392876473,0.1417226074929436,1186.3448184870135
"['Sn', 'Pb', 'Rh', 'Pt']",-4540.073694288521,0.0783448084191334,2.09169874311698,0.2338515039166624,0.0450207439542974,0.1418995478792313,1187.8259675723064
"['Ge', 'Rh', 'Ir', 'V']",-5281.71952301651,0.0540161712007876,1.9696821180205104,0.1550510932594908,0.0536657826839632,0.1424973959468269,1192.8304899260877
"['Ge', 'Ru', 'Pt', 'V']",-5216.583007763919,0.0503158368485827,1.9745833949689169,0.2013610010242153,0.0588706723021292,0.143308157942867,1199.6172920463923
"['Hf', 'Rh', 'Ir', 'V']",-5995.841329948963,0.0632722804679625,2.0130978758844043,0.4609671976190475,0.0646315798962565,0.1441268899764276,1206.470810499984
"['Ge', 'Ti', 'Hf', 'Pt']",-5983.029891980343,0.0743404843787457,2.00884180779162,0.5265438895556214,0.0478655988271227,0.1443755643501498,1208.5524371365143
"['Ti', 'Sn', 'Zr', 'Pt']",-5814.75589357885,0.078307118167361,2.0630287863769805,0.4974165685757613,0.0456932369635987,0.1450279217428836,1214.013251232176
"['Ge', 'Pb', 'Ir', 'V']",-5065.90592114307,0.1281830771251649,2.022125877378925,0.2363318810333877,0.0780279964582892,0.1452795555368586,1216.119650859726
"['Ti', 'Zr', 'Rh', 'V']",-6234.828152733327,0.1020634392759736,2.021681274946464,0.4734907504081888,0.047195342469169,0.1453066252733466,1216.346248734182
"['Ti', 'Rh', 'Ru', 'Pt']",-5451.378311601769,0.0398535926003048,2.000824315348789,0.3893881355869894,0.043039697381842,0.1461699061649026,1223.572680922479
"['Ge', 'Ti', 'Sn', 'Zr']",-5945.960922152858,0.1026646592395873,2.036594756599623,0.3501178981247396,0.04710544548739,0.1462572826076185,1224.30409979705
"['Ti', 'Zr', 'Pb', 'Pt']",-5637.856999366137,0.106594538092703,2.0940141085375776,0.6163955957740461,0.0498463215551474,0.1474537357466339,1234.3194813028138
"['Sn', 'Rh', 'Ir', 'Pt']",-4862.291655584788,0.0361325645220166,2.033199723954507,0.1829062722254712,0.0494979899421428,0.1496644690849313,1252.825294082728
"['Hf', 'Rh', 'Ir', 'Pt']",-5612.807866897689,0.0369578352627044,2.0324576819316804,0.4836543491203673,0.0672275603171451,0.1508196203812586,1262.494942272306
"['Sn', 'Hf', 'Zr', 'Ce']",-6614.20187128171,0.0878864164201112,2.150458221997096,0.3465409104795751,0.0389035534242008,0.1509632827182372,1263.697524359252
"['Sn', 'Zr', 'Pb', 'Ce']",-5686.8686736863065,0.088471709032696,2.1837750113548062,0.561307154788859,0.0455236364877829,0.1519139925732737,1271.6558150678345
"['Hf', 'Zr', 'Pb', 'Ce']",-6437.5521619655165,0.0914365096390827,2.181855598407432,0.6381164629961589,0.0504402389654397,0.1524157182199559,1275.8557068971816
"['Ge', 'Pb', 'Rh', 'V']",-4954.865071570252,0.1395842102286054,2.0333211202891985,0.2647978133866595,0.0610016213423366,0.152843764389531,1279.4388356889235
"['Ti', 'Pb', 'Rh', 'Ir']",-5299.429318798375,0.1104082246712669,2.0603661312363744,0.4214915605054823,0.0536605880144333,0.1531096872844628,1281.6648478552256
"['Hf', 'Rh', 'Ru', 'V']",-6062.491959306701,0.0695066660503765,2.0112880475798627,0.4220440853685799,0.0445489442255736,0.1538560539059021,1287.9126031689311
"['Zr', 'Rh', 'Ir', 'V']",-5861.438078256593,0.0792744922020128,2.022593767294816,0.4319620179908122,0.0638108388536238,0.1541629424144988,1290.4815341141575
"['Sn', 'Hf', 'Ru', 'V']",-6023.304784263311,0.0726268218111981,2.039172359860588,0.3985280028833804,0.0591546892009844,0.1552767252057103,1299.8048909634845
"['Ti', 'Sn', 'Ru', 'V']",-5791.49040947594,0.0784801618252651,2.0125153119116828,0.2831769791771734,0.0554332465819577,0.1554845272697003,1301.5443798583503
"['Hf', 'Rh', 'Ru', 'Pt']",-5680.689959319243,0.0411231593142111,2.028890771978562,0.4668494666410593,0.0521111870416488,0.1557383817176996,1303.6693683436831
"['Sn', 'Rh', 'Ru', 'Pt']",-4929.760093342266,0.0389895369637106,2.028323958991985,0.1827997281990839,0.0441212958777534,0.156199068952918,1307.525732011503
"['Hf', 'Pb', 'Ir', 'Pt']",-5396.137312522467,0.0901167578009224,2.0921547443935538,0.5770089911200198,0.0752164255573704,0.1569492506813743,1313.8054231787862
"['Sn', 'Zr', 'Pb', 'Ir']",-5359.414235108118,0.0926462213177503,2.119405220776852,0.5002806167187832,0.0692049311188341,0.1574798267000288,1318.2468183921471
"['Ti', 'Sn', 'Rh', 'Pt']",-5231.2640462706295,0.0551078452629686,2.0280999118022978,0.4436346898758412,0.0376128169979656,0.1580647292519517,1323.1429752161607
"['Ge', 'Pb', 'Ru', 'V']",-5131.644394890342,0.1418572692857959,2.0308263375304905,0.2509749055477016,0.073315000676482,0.1585718273197178,1327.3878390088985
"['Ti', 'Pb', 'Rh', 'Pt']",-5054.771094049827,0.0923881760574118,2.059420675221808,0.4829216689097776,0.0418644460682345,0.1589048323497985,1330.175388567539
"['Ti', 'Pb', 'Ir', 'Pt']",-5163.549426096761,0.1099904657299238,2.067704844564845,0.4607725603388206,0.0624769518362682,0.1601785825826125,1340.837815794054
"['Ge', 'Rh', 'Ir', 'Pt']",-4895.638341585953,0.0399486137174904,1.9905053982973808,0.1780068013626572,0.0471586875474082,0.1610952762707311,1348.5113608005795
"['Sn', 'Pb', 'Ru', 'Pt']",-4713.166852922897,0.0909838503432603,2.0925542300032816,0.2611236187830505,0.0705601369078535,0.1620266916129855,1356.3081392023448
"['Zr', 'Rh', 'Ru', 'V']",-5928.34935701796,0.0821006138029907,2.0192365044798377,0.4094737691851954,0.0522713975510696,0.1628739446110474,1363.4004036051736
"['Ge', 'Ti', 'Sn', 'Pt']",-5227.428417287882,0.0695170901769835,2.0077724586919543,0.3879064985880726,0.0383557635261117,0.1630847231302263,1365.164808088691
"['Sn', 'Hf', 'Rh', 'Pt']",-5461.7084310107975,0.0402883287296044,2.0550233197322973,0.5430603979990101,0.0455829688518759,0.1632084508098481,1366.2005192869203
"['Zr', 'Pb', 'Ir', 'Pt']",-5262.342613745356,0.0990966722707587,2.103689961366876,0.5233400422823827,0.0751074573343327,0.1646081432942177,1377.917195656918
"['Hf', 'Pb', 'Rh', 'Pt']",-5285.018850074007,0.0814094984501256,2.0886428112225484,0.5825281077610658,0.0454267118481756,0.164816634829525,1379.6624560425807
"['Ge', 'Sn', 'Hf', 'Pb']",-5377.437284120791,0.1044980143867428,2.0873312939756623,0.5698955999739871,0.0440409255867833,0.1659018993527921,1388.7470895152592
"['Hf', 'Zr', 'Rh', 'V']",-6461.22012957424,0.0967789901712333,2.0495459932079787,0.5266189801310608,0.0545955226459465,0.1662800651877107,1391.912675350299
"['Zr', 'Ru', 'Pt', 'V']",-5793.378227682901,0.0750617148925309,2.02926842901824,0.4074431773070734,0.0684401549888248,0.1663929830085937,1392.8578983749744
"['Ge', 'Sn', 'Hf', 'Pt']",-5458.300095733564,0.0686618097196759,2.0379607095702763,0.4832750498461609,0.0480993229846878,0.1665593286509592,1394.2503599898796
"['Sn', 'Hf', 'Pb', 'Ce']",-5814.636852499378,0.0837294547937675,2.170344715266411,0.6141763355988782,0.0446150055659995,0.167796193569961,1404.6040241919666
"['Sn', 'Hf', 'Pb', 'Ir']",-5488.581919935115,0.0859918081878121,2.108429103112613,0.5535607100058616,0.0654400448463884,0.1678952073298178,1405.4328578060458
"['Ge', 'Ti', 'Rh', 'Pt']",-5264.991577020989,0.0474817710894671,1.983514919261297,0.4126755864496907,0.0366704393600526,0.1680078616362097,1406.375874979046
"['Sn', 'Pb', 'Rh', 'Ru']",-4845.580154750333,0.0923421778042891,2.0839696980119857,0.2323292542986067,0.0483431274438919,0.1684991669170941,1410.4885390386703
"['Ti', 'Hf', 'Ru', 'V']",-6538.824555171685,0.0792495000391491,2.011805865577604,0.39928287610324,0.0543113252996885,0.1690696223830459,1415.263760848241
"['Sn', 'Zr', 'Ru', 'V']",-5887.922334083233,0.0888621994685953,2.051639620959377,0.3615139350898026,0.0613682753475981,0.169137771736394,1415.8342318101995
"['Hf', 'Pb', 'Ru', 'Pt']",-5461.947681312579,0.0959016918058146,2.089810926479656,0.544859882861841,0.0644624146980676,0.1699606824531363,1422.722729574632
"['Ti', 'Sn', 'Hf', 'Rh']",-6074.258738443844,0.0720287393764871,2.046757280433688,0.4918729853734894,0.0367200950114578,0.1700335190417785,1423.332436882877
"['Ge', 'Zr', 'Rh', 'V']",-5745.462959514111,0.1023803424213805,2.004907529170321,0.4128967572440346,0.0625272239972347,0.1710387083755948,1431.7467694926604
"['Ge', 'Sn', 'Zr', 'Pb']",-5244.236505915018,0.1118526621948929,2.098241517775759,0.501968355784977,0.0434806801265569,0.171240789733849,1433.438370970495
"['Ge', 'Rh', 'Ru', 'Pt']",-4961.976859065564,0.081969044979832,1.9949827084715024,0.1792479009943488,0.0459069371925738,0.172043627224137,1440.1588378990878
"['Sn', 'Hf', 'Ir', 'V']",-5949.827838835237,0.0665355870159414,2.0403429747062147,0.3914969398430998,0.0674995975626674,0.1722128584259872,1441.575454224407
"['Sn', 'Hf', 'Pb', 'Ru']",-5556.549630891044,0.0939527840312696,2.108888714442797,0.4877268040055856,0.0544059085482132,0.1724795212663581,1443.8076603949914
"['Ge', 'Ti', 'Hf', 'Pb']",-5894.683937024629,0.1258407701983395,2.061395121071545,0.5967904410523068,0.0451979361897703,0.1729491637353453,1447.7389873687216
"['Zr', 'Ir', 'Pt', 'V']",-5722.52275287936,0.0703047058348289,2.032361780669341,0.4412546840449495,0.0659431297039089,0.1730889966017859,1448.9095133665885
"['Sn', 'Zr', 'Pb', 'Ru']",-5424.516837511689,0.0972164154558229,2.1184011124806497,0.4752895078414062,0.0610148170181836,0.1732559709192171,1450.3072375533586
"['Ti', 'Pb', 'Ru', 'Pt']",-5229.258842735895,0.1108649829928814,2.063670240921736,0.4460692747701201,0.0657754101869404,0.1735843586941312,1453.0561365618896
"['Sn', 'Zr', 'Ce', 'V']",-6143.529686898361,0.1238668292604521,2.11579303272544,0.3598480676123787,0.0673107608649032,0.1741414315134548,1457.7193336651285
"['Sn', 'Ru', 'Ir', 'V']",-5415.520763362956,0.0570100898118528,2.0128856351873536,0.119989583946587,0.0623338687129809,0.1744172961149539,1460.028566795832
"['Ti', 'Hf', 'Ir', 'V']",-6468.272251328179,0.0747763041290571,2.01300861461356,0.4656179492489038,0.073418288879525,0.1745813744136031,1461.4020487185255
"['Ti', 'Rh', 'Ru', 'Ir']",-5687.16735769468,0.0378275679056812,1.994821315274404,0.3223742181991509,0.0402710866371303,0.1750199902231504,1465.0736548381692
"['Sn', 'Rh', 'Ru', 'Ir']",-5168.115541684641,0.0421951709415853,2.0219118265755984,0.1328289579313824,0.0442712295601258,0.175024144224194,1465.1084275374672
"['Ge', 'Pb', 'Ce', 'V']",-5384.160672611616,0.0841998834049484,1.8313289518952287,0.4228860685679974,0.1010930812997202,0.1756499991821467,1470.3473925807025
"['Zr', 'Pb', 'Rh', 'Pt']",-5150.331191923205,0.0877690406350684,2.099632940556486,0.5162899775813129,0.0517846605549899,0.1759636499958494,1472.9729300600982
"['Ge', 'Hf', 'Zr', 'Pt']",-6074.644347827677,0.0861205235929338,2.048331478899495,0.5472188140019252,0.0520200462922219,0.1768470461604359,1480.3677450516343
"['Sn', 'Zr', 'Ir', 'V']",-5816.712591541097,0.0797113108465967,2.050728965549472,0.3645843736816275,0.0643974831007432,0.177217643683476,1483.4699773558536
"['Ti', 'Sn', 'Pb', 'Ir']",-5254.114405951415,0.1112309818502065,2.083831134047895,0.4407688134304148,0.0622279714085813,0.1784668343794679,1493.9268193213532
"['Zr', 'Pb', 'Rh', 'Ir']",-5392.245010892112,0.1012574294350775,2.096158505207815,0.5135290029584236,0.0566595618149993,0.180888840007233,1514.2011698831611
"['Ti', 'Zr', 'Ru', 'V']",-6403.888746901967,0.0941809305088904,2.020617762120056,0.3867148783742163,0.0512414931348741,0.1811859739513819,1516.6884464106918
"['Ge', 'Ti', 'Sn', 'Pb']",-5141.669869643816,0.1210459747582176,2.059649063628728,0.4513502460661241,0.0422775546270997,0.181551262704299,1519.7462395669202
"['Ge', 'Ti', 'Zr', 'Pt']",-5841.528431884114,0.0902350311354955,2.018612708862195,0.5057433664089456,0.0491099016099605,0.1821389933658004,1524.6660701943158
"['Hf', 'Zr', 'Pb', 'Ru']",-6172.969161836541,0.1026473100226571,2.1168278605850253,0.6236960867513293,0.0566581910657078,0.1824731807626092,1527.46351721862
"['Ge', 'Hf', 'Zr', 'Pb']",-5992.044473443149,0.1180551273762293,2.09604152798315,0.5907880650602495,0.0473783417339171,0.1829750183144316,1531.6643457939508
"['Ti', 'Pb', 'Rh', 'Ru']",-5360.821845592283,0.1102225996869893,2.055730009103017,0.4254858258633643,0.0472244504013171,0.1833783143538951,1535.0402938885957
"['Hf', 'Zr', 'Ce', 'V']",-6891.935384293612,0.131539748128494,2.116857462589833,0.3644127636721065,0.0775060973970192,0.183540777800605,1536.400258058091
"['Sn', 'Hf', 'Zr', 'Rh']",-6170.717452706728,0.0562521588949687,2.0829823997958035,0.547927791379041,0.036442354745362,0.1835821164163187,1536.7462991973478
"['Zr', 'Pb', 'Ru', 'Pt']",-5326.344708488879,0.1007138329399084,2.099088226861813,0.5121573082757575,0.0751828549953013,0.1846831455604674,1545.9628966285584
"['Hf', 'Zr', 'Pb', 'Ir']",-6103.190644920181,0.0959446643706133,2.115888580104583,0.6336417797997492,0.0684947201425252,0.1849623276090062,1548.2998997542957
"['Ti', 'Zr', 'Rh', 'Pt']",-5843.035125905249,0.0695341033614613,2.038246033229065,0.5522990221085472,0.0435350749386737,0.1862164016813201,1558.7976199416878
"['Sn', 'Zr', 'Pb', 'Rh']",-5242.864990735435,0.0772362825350571,2.1148665649967446,0.5305929992278686,0.0362446945888267,0.1865612027396759,1561.6839127937974
"['Ti', 'Sn', 'Zr', 'Rh']",-5938.086846332884,0.0842654056782014,2.0582654525724013,0.4696239201293756,0.0407939265154897,0.1869783231149684,1565.1755829279236
"['Ti', 'Hf', 'Pb', 'Ru']",-6071.886826033271,0.1195342558742367,2.080255821038665,0.5879953499857754,0.0547208002009446,0.1869856050302027,1565.2365390630089
"['Hf', 'Zr', 'Ru', 'V']",-6634.093159087594,0.0892163943483155,2.049719126189395,0.4437918463094404,0.0575765011453975,0.1872670883004543,1567.5928054700487
"['Ge', 'Ti', 'Zr', 'Pb']",-5759.07833346817,0.1367438400005112,2.0685839096484915,0.5456784174883663,0.0497068710773444,0.1876819031425203,1571.0651762316504
"['Ge', 'Sn', 'Zr', 'Pt']",-5321.001835835694,0.0806911049573413,2.04852835038479,0.4715725965535599,0.0486448094447346,0.1879040068917703,1572.9243830071289
"['Ge', 'Ti', 'Ru', 'V']",-5819.310566989054,0.0587518236960573,1.964312299285882,0.2742948073558267,0.0466913959190606,0.1885033363619515,1577.9413060238137
"['Ge', 'Sn', 'Ir', 'V']",-5230.935559720803,0.0681500942598406,1.9970754429594395,0.1143016126278734,0.0576109453789721,0.1892180213572496,1583.9238578270931
"['Ti', 'Hf', 'Zr', 'Rh']",-6688.173980339486,0.0818205619344106,2.0566889356712896,0.5343982371379897,0.0336534314242576,0.1898095576390277,1588.8755448955762
"['Ge', 'Pb', 'Ir', 'Pt']",-4673.165257907975,0.1124817377439948,2.055926296195544,0.2327755222042268,0.0724069812336256,0.1898910366597421,1589.557597080121
"['Ti', 'Hf', 'Zr', 'Ce']",-7123.18587845812,0.1276339592088991,2.1228463185820665,0.1627383769153812,0.0439868325192093,0.1902865069735533,1592.8680368607231
"['Ge', 'Hf', 'Rh', 'Pt']",-5491.032562438435,0.0606628220596684,2.0130560446406545,0.4904997469370638,0.0430638178161054,0.1903523617984897,1593.419300570287
"['Ge', 'Ti', 'Ir', 'V']",-5749.681164418168,0.0587486442073917,1.9687263515349944,0.2930721050498034,0.054313567229215,0.1904100052963402,1593.9018281373717
"['Ti', 'Hf', 'Ru', 'Pt']",-6152.028313124328,0.0558369744072176,2.0256000300196524,0.5251043782088709,0.0538379511925906,0.1904607082413241,1594.326257077311
"['Ge', 'Ti', 'Hf', 'Rh']",-6105.102935052599,0.0771132185836805,2.0035173538765494,0.5284538858289738,0.0400206134253098,0.1912396754166803,1600.8469081477572
"['Ti', 'Hf', 'Ir', 'Pt']",-6082.664857826127,0.0515963969065253,2.028072883892365,0.5410191345233387,0.068250062644641,0.1913285206417816,1601.5906220428851
"['Ti', 'Zr', 'Pb', 'Ru']",-5938.2389444524615,0.1296306982459642,2.090402603394132,0.5196206943527021,0.0709064100614678,0.1940709929699933,1624.547565144429
"['Ti', 'Sn', 'Pb', 'Ru']",-5319.247977461401,0.1155585106895978,2.0827215335127467,0.3956342593116306,0.0509694464233348,0.1941220055267232,1624.9745858112433
"['Hf', 'Rh', 'Ru', 'Ir']",-5913.717660872041,0.0432286451726446,2.021912041338528,0.4417917122987893,0.0581836578382338,0.1953749678857601,1635.4629999654687
"['Ti', 'Sn', 'Pb', 'Rh']",-5140.638324066718,0.098817748454829,2.0786227285636025,0.4418223835613468,0.0409871552787035,0.1955436694504184,1636.875182754393
"['Zr', 'Rh', 'Ir', 'Pt']",-5469.486884988439,0.053223904533397,2.042317771718923,0.4605234644903838,0.0703278873154884,0.1956905564790174,1638.104758390659
"['Ti', 'Hf', 'Rh', 'Ru']",-6284.715541856916,0.0641222391227328,2.020081612781397,0.5330073518145036,0.0381525788182801,0.1958631565721802,1639.549575345528
"['Ti', 'Sn', 'Rh', 'Ir']",-5464.656949144621,0.0572299908293315,2.0224103503817,0.3625115370478258,0.0510240430619849,0.1962747477591016,1642.9949612340383
"['Hf', 'Pb', 'Rh', 'Ru']",-5589.183851361101,0.097141976724422,2.0834062008122203,0.5799074090351062,0.0505290098893178,0.1966563287686291,1646.1891351311606
"['Sn', 'Zr', 'Rh', 'Pt']",-5321.267993058694,0.0518564140811718,2.0659214581664385,0.4955810092337403,0.0455971002764549,0.1968272620750069,1647.6199995917807
"['Ti', 'Hf', 'Rh', 'Ir']",-6215.302631056762,0.0572790579854304,2.022592645764735,0.5057548521627001,0.0557142376488627,0.1969241545271458,1648.4310759654022
"['Ge', 'Sn', 'Rh', 'Pt']",-4738.4750748417655,0.0547249793859858,2.012793916728566,0.2364656622018168,0.0346605958621231,0.1971709459856336,1650.496940919506
"['Hf', 'Zr', 'Rh', 'Pt']",-6071.777804368739,0.0545814685524456,2.0657164438554325,0.6338020907187017,0.0485006464060371,0.1980074133824869,1657.498920205977
"['Ge', 'Hf', 'Pb', 'Pt']",-5273.934791015912,0.1058835200694621,2.072022163945589,0.5741660528666654,0.0555748529354763,0.1981508086896273,1658.6992670146522
"['Ge', 'Hf', 'Ru', 'V']",-6048.360593805994,0.0801081453822427,1.9959795761331536,0.3692911542162739,0.0499144995936701,0.199093768557458,1666.592683407643
"['Sn', 'Pb', 'Ru', 'Ir']",-4946.737727980975,0.103309112678245,2.090927976712456,0.1948681852988319,0.0635595490593865,0.1995415062760468,1670.3406480541123
"['Ti', 'Zr', 'Ir', 'V']",-6329.958067703169,0.0887396968694959,2.0229042225304266,0.3988132067125469,0.0643223032698381,0.1998945047135505,1673.2955602920017
"['Ti', 'Hf', 'Pb', 'Rh']",-5890.3163117276745,0.1028967616229875,2.077104653105399,0.688621621048864,0.0415319735819193,0.1999731318871545,1673.9537399688186
"['Ge', 'Rh', 'Ru', 'Ir']",-5197.919982795347,0.0390037292010876,1.978226586395737,0.1339731599228343,0.0434377363722472,0.20029184551335,1676.6216577111384
"['Ti', 'Zr', 'Pb', 'Ir']",-5867.490837547293,0.1189538198497579,2.089939851553026,0.5945643290662508,0.0676649822152819,0.2003476007101694,1677.0883785118672
"['Hf', 'Pb', 'Rh', 'Ir']",-5519.073978626736,0.0916808494922527,2.0838884286039443,0.4800963026135554,0.0613007325132276,0.2004398342791056,1677.8604558715322
"['Ge', 'Ti', 'Pb', 'Pt']",-5041.420454324898,0.1148638911261019,2.0443786633228163,0.5163007925931691,0.0538408150889264,0.2010928369397238,1683.326671435772
"['Ge', 'Zr', 'Ru', 'V']",-5915.768538737766,0.0961330851551122,2.004801992340603,0.3390278057342166,0.0550491232180004,0.2020548341824755,1691.3794476619937
"['Ti', 'Sn', 'Rh', 'Ru']",-5532.2327766498365,0.0583787145791705,2.019930217310913,0.3546278831305622,0.0417649570068494,0.2023898564249897,1694.1838830905788
"['Ge', 'Pb', 'Rh', 'Pt']",-4560.631509523069,0.0963199471854712,2.045765309330866,0.2528491280775413,0.0449708241510343,0.2032868814971307,1701.692784212373
"['Sn', 'Hf', 'Ru', 'Pt']",-5629.678317827995,0.0459075739470685,2.053787477755132,0.478045714624533,0.0580307791395424,0.2033483750794564,1702.2075404256043
"['Sn', 'Hf', 'Ir', 'Pt']",-5560.454816416523,0.0401625996879055,2.055772000715146,0.4843630721752925,0.0686575484515211,0.2036694926098823,1704.8955809936206
"['Ge', 'Sn', 'Pb', 'Pt']",-4521.616899930549,0.1001717020843161,2.073384697174586,0.3133045408713772,0.0475273576770087,0.2040334690044805,1707.9423885384551
"['Pb', 'Ce', 'Rh', 'V']",-5379.432797426915,0.1889343574954122,2.1224915793407013,0.4546718106562862,0.1088506351209168,0.2040811934579602,1708.3418848439665
"['Zr', 'Rh', 'Ru', 'Pt']",-5536.475529733821,0.0581715435475552,2.0382531581754484,0.4586996968447462,0.0586175126946117,0.2040993478005068,1708.4938529074543
"['Hf', 'Zr', 'Pb', 'Rh']",-5989.131121406035,0.0824303664209294,2.113352626223816,0.7505817503315562,0.0374238450458717,0.2043182315449891,1710.3261053667566
"['Hf', 'Zr', 'Ir', 'V']",-6560.403293645155,0.0804413119255109,2.050581682640757,0.4798502963176248,0.0657596732133335,0.2050349403268461,1716.325598071281
"['Ti', 'Sn', 'Zr', 'Ce']",-6368.4591615544,0.1234762305227084,2.120973940209846,0.2986888380154671,0.0540151107329586,0.2055786431413615,1720.8768762915136
"['Zr', 'Pb', 'Rh', 'Ru']",-5454.664720318598,0.1031612700450647,2.0928510164531824,0.5324859572586096,0.0488557456191342,0.2071450349181613,1733.9889746433569
"['Ti', 'Sn', 'Ir', 'Pt']",-5327.791886058334,0.0521410481270366,2.028652457708773,0.4016515366412531,0.0517453721879649,0.2071919648723783,1734.3818202803516
"['Ti', 'Sn', 'Ru', 'Pt']",-5396.927321946115,0.05759891232638,2.026173447696274,0.3921624843912233,0.0497369680092728,0.2072148532938724,1734.573416813348
"['Ge', 'Hf', 'Ir', 'V']",-5976.349167483116,0.0745114352374196,1.998451348097948,0.3923501361973621,0.0565995822267103,0.2103052177730662,1760.4425279734037
"['Ti', 'Sn', 'Hf', 'Ru']",-6241.818296278012,0.0743079323884567,2.0462998504913874,0.4365207931285624,0.0436275295705496,0.2117762909013443,1772.756724093702
"['Ge', 'Ti', 'Sn', 'Rh']",-5348.842398148119,0.0697955497186002,2.002193166791048,0.3641891691196947,0.0361939316878832,0.2125232959624572,1779.0098237177615
"['Ti', 'Zr', 'Pb', 'Rh']",-5755.2440463833855,0.1096883327554098,2.088077119182306,0.6018527763805511,0.0450864622434619,0.2126225189030366,1779.840408361339
"['Sn', 'Hf', 'Rh', 'Ru']",-5761.280080870507,0.0521529285691396,2.0473566492724338,0.4849177383216362,0.0430166767266852,0.2129909237621738,1782.9242861100934
"['Hf', 'Ru', 'Ir', 'V']",-6156.24534948007,0.0577979882309806,2.0121046234828768,0.3902199788085788,0.0685979325947421,0.2138209833323232,1789.872626163259
"['Ge', 'Zr', 'Pb', 'Pt']",-5137.835288515415,0.1167085919049649,2.0831726689554504,0.5704259055382431,0.0554085743739111,0.2148128408469478,1798.1753595377552
"['Ti', 'Zr', 'Ce', 'V']",-6652.0576003992455,0.1514423223574759,2.0873531516448027,0.3374435285850846,0.0800650366027182,0.2152462716887946,1801.803562846271
"['Ge', 'Ti', 'Rh', 'Ir']",-5495.648745238524,0.0503296331100699,1.9792708053040704,0.3630084983122205,0.0429262941137194,0.2169043436451474,1815.683106194327
"['Ti', 'Pb', 'Ru', 'Ir']",-5461.301537271283,0.1378968265956352,2.072749608936128,0.4001920175922343,0.0632884606929544,0.2170686285239487,1817.0583173774212
"['Ge', 'Pb', 'Rh', 'Ru']",-4869.337954057936,0.109985506825847,2.0309260442722445,0.2481809779872119,0.0567632277165927,0.2173865627496223,1819.719710841173
"['Sn', 'Hf', 'Zr', 'Ru']",-6340.289579003301,0.0628574471342033,2.0824078887086976,0.4953188308345711,0.0406918500878612,0.2174632927196169,1820.362009229102
"['Zr', 'Pb', 'Ce', 'Pt']",-5574.807882566906,0.0997765899941698,2.163802763373981,0.6524832646301231,0.0690432944044457,0.2175937535293304,1821.45408274057
"['Ge', 'Ti', 'Ir', 'Pt']",-5361.3112495499945,0.0473923455280182,1.9852791877370384,0.3796702671194409,0.0446291623623257,0.2179482506109336,1824.4215399682364
"['Ge', 'Zr', 'Ir', 'V']",-5842.549642902533,0.0922004254559894,2.008850748611054,0.3623218905010279,0.0645974414205989,0.2179829611807155,1824.712098442541
"['Ti', 'Sn', 'Hf', 'Ir']",-6170.878593589245,0.0712729826008811,2.0475381430559043,0.487453387217459,0.054788738767313,0.2188013196712042,1831.562490006952
"['Sn', 'Hf', 'Ce', 'V']",-6263.920883030092,0.1201738658577395,2.108911464159493,0.3756069381910784,0.0620860925321103,0.2188399711091282,1831.8860370677876
"['Zr', 'Ce', 'Pt', 'V']",-6036.751823017632,0.1494932512544665,2.115966480078753,0.5043507923686508,0.0867878017802555,0.2191847579434522,1834.7722108520456
"['Ti', 'Zr', 'Pb', 'Ce']",-6188.5454192213965,0.127451567539013,2.145184969381406,0.562545149473262,0.0619040647706954,0.2197812076149965,1839.7650273817587
"['Sn', 'Ru', 'Ir', 'Pt']",-5022.51151640893,0.0384206379312114,2.0303095006530825,0.1635553635055052,0.0516564447006142,0.2200779323899082,1842.248878797284
"['Ti', 'Sn', 'Hf', 'Ce']",-6496.553838791412,0.1195754372881816,2.113577923525968,0.3466458736669687,0.0476200413891503,0.2201854596695307,1843.148978176506
"['Ti', 'Hf', 'Pb', 'Ce']",-6320.244203986025,0.126531810716958,2.137760672532702,0.6064241379292973,0.0566317402477488,0.2203094791134123,1844.187131702209
"['Ge', 'Ti', 'Ru', 'Pt']",-5429.770790250171,0.0494180825658922,1.9816078154350745,0.3753687913371492,0.0444626490121971,0.2206113546090078,1846.71409925074
"['Ge', 'Ti', 'Zr', 'Rh']",-5965.69479222288,0.0957282335066149,2.014526132214617,0.4832996427206492,0.0457721678567812,0.2208260838600262,1848.511574888746
"['Ti', 'Hf', 'Pb', 'Pt']",-5750.854426024143,0.1126351844674923,2.083333699399472,0.6513317914801449,0.0749661837899157,0.2210341873490424,1850.2535869803296
"['Sn', 'Hf', 'Rh', 'Ir']",-5690.05245799033,0.0457553816363184,2.0494905897718594,0.4603208255622799,0.0628398316782193,0.2211406407797262,1851.1446972847195
"['Ge', 'Pb', 'Rh', 'Ir']",-4799.184206355788,0.1025331175986608,2.0392370398494006,0.2240187802836181,0.056374772981123,0.2213414548530021,1852.825690455283
"['Ti', 'Sn', 'Ir', 'V']",-5705.453018163058,0.0821785286467038,2.018994302511957,0.3060575896005468,0.06534959520815,0.2214849022275098,1854.026473114332
"['Ge', 'Pb', 'Ru', 'Pt']",-4734.0009309200805,0.1137160198332276,2.052865573095003,0.2467639650205896,0.0600108739851262,0.2223348738143409,1861.14149453354
"['Ge', 'Ru', 'Ir', 'V']",-5438.975040892269,0.0453458277486264,1.9683126618599185,0.1020609611570893,0.0561950262336672,0.2244903238939288,1879.184537056264
"['Hf', 'Zr', 'Ru', 'Pt']",-6242.773989926603,0.0579199201534267,2.062775323478687,0.5898663229484801,0.0616780108105346,0.2263258581963692,1894.549598759378
"['Ti', 'Zr', 'Rh', 'Ir']",-6075.69988311303,0.0701970926773485,2.0317630879256834,0.5143184991282537,0.0526629452867761,0.2272707391971007,1902.459096750801
"['Hf', 'Ce', 'Pt', 'V']",-6166.501941562879,0.1234000799113714,2.0872588148410487,0.5588370251601169,0.0844228860888675,0.2273250068613279,1902.9133655749936
"['Ge', 'Sn', 'Pb', 'Ir']",-4758.48849658204,0.110458642871445,2.0703275869239213,0.2648559663272963,0.0607976683837276,0.2286548399432719,1914.045256344753
"['Hf', 'Ru', 'Ir', 'Pt']",-5770.989452309474,0.0372071255621509,2.03020512732347,0.4486721270525743,0.0745743191279553,0.229195097015757,1918.5676906262809
"['Ti', 'Hf', 'Ce', 'V']",-6780.315141094006,0.1450396735941707,2.081821493976918,0.3606017159265595,0.0623898893691022,0.229216902835132,1918.7502248125063
"['Hf', 'Zr', 'Ce', 'Pt']",-6498.857266248895,0.0933701301478151,2.1335662017137507,0.5811895648387969,0.0551634881012052,0.2294704417735698,1920.87257220098
"['Sn', 'Zr', 'Rh', 'Ir']",-5555.95652725336,0.0589827462036632,2.0597472357207303,0.4701040500701553,0.054028639971666,0.2299762207357698,1925.1063939018372
"['Ge', 'Sn', 'Ir', 'Pt']",-4839.046882307491,0.05538307745769,2.014916479213209,0.1966919641805284,0.0534686382779041,0.2305014328637922,1929.5028885593103
"['Ge', 'Ti', 'Pb', 'Ir']",-5277.050125447627,0.1235307902299703,2.040955138619684,0.4112586858912158,0.0530760737743082,0.2305654794752429,1930.0390159068124
"['Ti', 'Zr', 'Rh', 'Ru']",-6143.532030521148,0.0799192973033851,2.0303016612455047,0.5006055636771751,0.0406104730276199,0.2323845982422785,1945.2666649154053
"['Sn', 'Hf', 'Zr', 'Ir']",-6267.128008662417,0.056627788223245,2.0835424122987902,0.4924129353053044,0.0524608648731582,0.2331674920055553,1951.820185034173
"['Ti', 'Zr', 'Ru', 'Pt']",-6009.220675093591,0.0710942093785775,2.0357953643924653,0.4593002281053148,0.0529325454328494,0.2333263948136421,1953.1503434778515
"['Sn', 'Zr', 'Ir', 'Pt']",-5421.026607489293,0.0520294393432702,2.066724959729067,0.4555942739900806,0.0722435101684196,0.2333342842466246,1953.2163850791533
"['Ti', 'Zr', 'Ir', 'Pt']",-5939.771075490256,0.0674189794301187,2.038551541488253,0.5408076850767999,0.0627764199024626,0.234530708406031,1963.231523999704
"['Ti', 'Sn', 'Pb', 'Ce']",-5565.790036486145,0.1219638086382482,2.1380472731379894,0.5134710040829911,0.0486659202654276,0.2345369691724723,1963.2839322072496
"['Hf', 'Zr', 'Ir', 'Pt']",-6171.49518050481,0.0519456961204164,2.065455416359993,0.5847759526880126,0.0726286372471036,0.2346755226421075,1964.4437485110336
"['Ge', 'Sn', 'Hf', 'Rh']",-5574.930054736472,0.0711016984887402,2.0315488310472563,0.4671732972596645,0.0469942134582653,0.2346854868633858,1964.5271579436776
"['Zr', 'Ru', 'Ir', 'V']",-6018.997116360809,0.0774609336996177,2.022731515704166,0.3893969904955529,0.068857538156142,0.234970244469193,1966.9108334641192
"['Ge', 'Sn', 'Pb', 'Ru']",-4825.923641410581,0.1185775891645255,2.070748147522791,0.2325891058239255,0.055174250690148,0.2353194903149225,1969.8343331568549
"['Ti', 'Hf', 'Zr', 'Ru']",-6854.705013610405,0.0876991423299384,2.0560951236658145,0.4686921758767029,0.0423547863497608,0.2355700035737831,1971.9313529045785
"['Ge', 'Hf', 'Ir', 'Pt']",-5588.44335699458,0.0583905250634396,2.015548825155104,0.4618131524133124,0.0720102823442535,0.2360305553546977,1975.786582698881
"['Ge', 'Zr', 'Rh', 'Pt']",-5347.476858758454,0.076405515390658,2.024339797812192,0.4518314931181434,0.0513438777088003,0.2361401798131721,1976.7042373383997
"['Ge', 'Ru', 'Ir', 'Pt']",-5054.628017389329,0.0391250747510185,1.987699239791868,0.1614347154382081,0.0527119086373378,0.2363141498130785,1978.1605216363816
"['Ge', 'Sn', 'Rh', 'Ru']",-5040.622941302908,0.0608272124268542,2.003683493801723,0.1649804691128281,0.0454721811454856,0.2368900728386123,1982.981511803553
"['Sn', 'Zr', 'Rh', 'Ru']",-5623.291646975954,0.0640988805424913,2.057506215172848,0.4163030699149763,0.0458007266972364,0.2370315941775249,1984.16617182424
"['Ge', 'Hf', 'Ru', 'Pt']",-5657.223410814741,0.0632484256631768,2.0122169239348127,0.4812310270328241,0.0608383944796203,0.2374416549778315,1987.5987470097664
"['Sn', 'Pb', 'Ce', 'Pt']",-4950.258646120024,0.0959773324201198,2.159698318082033,0.5110770776289006,0.0590019656943906,0.2393567561478633,2003.629854467754
"['Ti', 'Sn', 'Zr', 'Ir']",-6033.73315832486,0.0814048474692495,2.0585312397448563,0.4229804148181396,0.056717648589938,0.2395490266874622,2005.239330629927
"['Ti', 'Sn', 'Ce', 'V']",-6026.632397431843,0.1598762070043974,2.09889924114636,0.3132686331530549,0.0679470170467877,0.2404310185281115,2012.6223901756964
"['Ti', 'Sn', 'Zr', 'Ru']",-6102.41986003184,0.0876257202396897,2.0574447240015057,0.3998813900962372,0.0449609810371833,0.2413247830027094,2020.1039971835253
"['Sn', 'Zr', 'Ru', 'Pt']",-5487.421671569734,0.0582750503741519,2.064505181998633,0.4376618824907688,0.0623290477329326,0.2440617500405411,2043.0148560869857
"['Zr', 'Rh', 'Ru', 'Ir']",-5769.400365901223,0.0599011973755783,2.031551347330431,0.3988863979044183,0.0614741556395443,0.2441377518802685,2043.6510593741757
"['Ge', 'Ti', 'Pb', 'Ru']",-5342.665209039799,0.1133661557350967,2.02774528418071,0.413185791213361,0.0522257247374015,0.2443397440514596,2045.341914276626
"['Ge', 'Ti', 'Hf', 'Ru']",-6269.70639308799,0.0802101311283299,2.002307590081626,0.4173998748837344,0.0450860994547003,0.2445297121152165,2046.932116659314
"['Ge', 'Zr', 'Pb', 'Ir']",-5372.751920634626,0.1304031434652775,2.0755254606419866,0.478499882847763,0.0742121886520821,0.2470707919899579,2068.2032250314287
"['Ge', 'Sn', 'Ru', 'Pt']",-4903.927401977532,0.0580539869990619,2.012221905838472,0.2055613797140466,0.0567230009613655,0.2471450877608303,2068.825146998355
"['Ge', 'Sn', 'Zr', 'Rh']",-5439.453001285052,0.083227577539294,2.041827020105526,0.4711690056033513,0.0474383655630925,0.2489160774227459,2083.6499124057527
"['Ge', 'Zr', 'Pb', 'Ru']",-5441.196646193463,0.1402931314927968,2.0772782482855776,0.4802688335661551,0.0725650659558802,0.2497917676338898,2090.98022168363
"['Sn', 'Zr', 'Ce', 'Pt']",-5742.788135990872,0.0928175342180064,2.134851160534572,0.5331660326866317,0.0560096212809376,0.2500063801066243,2092.776719783087
"['Ti', 'Hf', 'Zr', 'Ir']",-6781.825635552932,0.080889802360813,2.056363102056721,0.45822174035071,0.0506608557003398,0.250171889252651,2094.1621791764355
"['Ti', 'Ce', 'Pt', 'V']",-5928.034399910895,0.1367500252423354,2.061044182762668,0.4444826102214648,0.0772943881325617,0.2535217419902125,2122.2034388470106
"['Ge', 'Hf', 'Pb', 'Ir']",-5502.907453419646,0.1195060252075115,2.068872889037152,0.5162544394528533,0.0689053513373828,0.2536273915337199,2123.0878198976616
"['Ge', 'Sn', 'Pb', 'Rh']",-4642.980832274093,0.0991913018844811,2.0622878295897884,0.302224112800484,0.0411534602965042,0.2536675438550437,2123.4239306932177
"['Sn', 'Ce', 'Pt', 'V']",-5408.913905424412,0.1215524764615062,2.0915885811854555,0.3547115101505419,0.0703995180176606,0.2537941712898686,2124.483915432704
"['Ge', 'Ti', 'Pb', 'Rh']",-5161.862880890707,0.1099809301645219,2.0319971341857257,0.4877948219670797,0.0487793753510627,0.254326543734563,2128.9403483366773
"['Ge', 'Ti', 'Sn', 'Ir']",-5447.233991406904,0.0705922076200938,2.0047194194153426,0.3261813085406157,0.0513592807566048,0.2543702445864788,2129.306163503015
"['Ti', 'Hf', 'Ce', 'Pt']",-6392.440478067773,0.1162563582246319,2.0948907035825868,0.5582973773902336,0.0619283398312179,0.2548205706421456,2133.07579484286
"['Ge', 'Zr', 'Ru', 'Pt']",-5520.826864416163,0.0785989534184179,2.021621726052797,0.4161904443795378,0.0627758157806102,0.2552640148620329,2136.7878190700285
"['Ge', 'Hf', 'Zr', 'Rh']",-6187.829353236353,0.0873470492259892,2.0405376606995693,0.547497384169907,0.0438516515041223,0.2584300543503213,2163.290397652936
"['Ge', 'Hf', 'Pb', 'Ru']",-5570.736109180072,0.1286200918829516,2.0680699206754563,0.5499523093022636,0.0588086230019824,0.258754889827693,2166.009560757946
"['Ge', 'Hf', 'Rh', 'Ir']",-5716.491478014763,0.0621485587149357,2.007757000948578,0.4176131186160133,0.0602992225718609,0.2595545181871372,2172.70316439482
"['Ge', 'Sn', 'Hf', 'Ru']",-5746.570415697661,0.0774518787692842,2.031717172233352,0.4091271670240136,0.0473275671014077,0.2604876215080232,2180.514072685518
"['Ge', 'Hf', 'Zr', 'Ce']",-6622.334857251082,0.168201965552783,2.136587820677948,0.3490824126555233,0.0733749233132653,0.2608851056532266,2183.8413700337296
"['Sn', 'Hf', 'Ce', 'Pt']",-5871.484321915849,0.0869663577483195,2.124345003246927,0.5521172371043289,0.0519395094310162,0.2622635533224304,2195.380208323851
"['Hf', 'Zr', 'Rh', 'Ir']",-6297.9924393989095,0.0573762594613438,2.058913134117769,0.5453156977741475,0.0617389445891269,0.2642575406545635,2212.07166342372
"['Ge', 'Zr', 'Rh', 'Ru']",-5651.920688981743,0.0815016220356072,2.013235752360004,0.4157869652482662,0.0473213555849847,0.2668906982202603,2234.113544317562
"['Ti', 'Zr', 'Ce', 'Pt']",-6257.3529897345525,0.1215351889078554,2.1040479820831246,0.506285752748555,0.0660861461423915,0.2675294224585425,2239.4602367326443
"['Zr', 'Pb', 'Ce', 'Ru']",-5874.339559610436,0.1442892989142112,2.170958357624087,0.5441348966193801,0.085769847500064,0.2675323702948597,2239.4849127557754
"['Ge', 'Hf', 'Pb', 'Rh']",-5389.747312324656,0.1029759684662558,2.058799896948132,0.5733830759991875,0.0511619710045705,0.2694700828948759,2255.705298080401
"['Ge', 'Sn', 'Hf', 'Ir']",-5675.003115735,0.0699563471425626,2.033299682499403,0.4159181012829634,0.0563700230682504,0.269964202129028,2259.8415174424413
"['Ge', 'Zr', 'Ir', 'Pt']",-5447.458327675627,0.0730586604369555,2.02576158238421,0.4328754503926449,0.0713061279905211,0.2717766766466143,2275.013548148165
"['Ge', 'Zr', 'Ce', 'V']",-6154.747168111356,0.1596487986723572,2.067146372973879,0.3687553317533326,0.0916510279626822,0.2720144449030499,2277.0038808411136
"['Ge', 'Ti', 'Zr', 'Ru']",-6130.434026298903,0.0952041046962127,2.0114185823392567,0.3777093879308535,0.0464588217819622,0.2735857453998447,2290.1570695640303
"['Zr', 'Ru', 'Ir', 'Pt']",-5627.486201375168,0.0548480938934956,2.03993539132814,0.3940753062473041,0.0779949546971965,0.2747780214926427,2300.1374854618066
"['Ge', 'Zr', 'Pb', 'Ce']",-5691.615669913798,0.1721378159065572,2.156353715619096,0.5313497034142693,0.0732694930190147,0.2750623379374879,2302.517468070929
"['Ge', 'Hf', 'Zr', 'Ru']",-6361.667918548702,0.0938061344885065,2.04124563496236,0.449883991760327,0.0431034040285853,0.2756454532482477,2307.398664089954
"['Ti', 'Pb', 'Ce', 'Pt']",-5459.653085647067,0.1304720042769236,2.1234597333449896,0.5449910833689527,0.0722899278799346,0.2770767290335207,2319.3797209003087
"['Zr', 'Ce', 'Rh', 'V']",-6155.617481615846,0.1416411961870652,2.089163363839869,0.4800614998695467,0.0881848383752556,0.2785777146117114,2331.9443109456824
"['Ge', 'Sn', 'Zr', 'Ce']",-5866.73117537312,0.1560542158191243,2.1259903951918906,0.3529733395981954,0.0678563943774324,0.2796028862516735,2340.525913307108
"['Ge', 'Ti', 'Zr', 'Ce']",-6385.7423210320685,0.1614530364942201,2.068978079152404,0.297648799997468,0.0721212415521922,0.279757600809571,2341.821012355546
"['Ti', 'Sn', 'Ru', 'Ir']",-5620.621025166094,0.054282326647714,2.0204303536281696,0.3053718050400923,0.0518306604708846,0.2833123704495062,2371.5776095410865
"['Hf', 'Pb', 'Ce', 'Ru']",-6001.82399990647,0.1355565485202173,2.158635836586684,0.5800750263388712,0.0731259735919354,0.2845229248737224,2381.71103139996
"['Sn', 'Ce', 'Rh', 'V']",-5534.883302706662,0.1293715990002431,2.0815415020238213,0.3380275999799264,0.0767312421805768,0.2854381487236113,2389.3722725475686
"['Ti', 'Ce', 'Rh', 'V']",-6053.903832873713,0.1455974284297637,2.049266484113832,0.4545850348632035,0.0815826850480665,0.2855562050467357,2390.360509425974
"['Ge', 'Sn', 'Zr', 'Ir']",-5539.1770915635325,0.081378880755664,2.0437617790924865,0.3690197476444978,0.0593107020175546,0.2855579595635822,2390.375196299202
"['Zr', 'Pb', 'Ce', 'Ir']",-5800.28770168672,0.1286652315610604,2.1671175442845545,0.5931703542013275,0.0846808265255739,0.2867142554512378,2400.054425740605
"['Pb', 'Ce', 'Rh', 'Pt']",-4976.753975859177,0.120648370730424,2.1441875059437727,0.4757997705380459,0.0546500135221516,0.2875136055677272,2406.7457002354054
"['Ge', 'Ti', 'Zr', 'Ir']",-6057.629127537174,0.0891149760813881,2.014774299384955,0.4084014097368654,0.054877310771236,0.2878966963297129,2409.952512109189
"['Sn', 'Pb', 'Ce', 'Ru']",-5250.067072985707,0.1349462573271922,2.1618797578877595,0.4155537276266525,0.0750703640718239,0.2882143189206081,2412.611296911478
"['Ge', 'Sn', 'Zr', 'Ru']",-5607.392614112481,0.0870490856217432,2.0410549337366484,0.3554678656100299,0.0533314985607345,0.2891742594648852,2420.64685673432
"['Hf', 'Ce', 'Rh', 'V']",-6284.736374830562,0.1316377835817145,2.078348180925803,0.5036113352921672,0.0845518093628492,0.2891836874769717,2420.72577761706
"['Ge', 'Hf', 'Pb', 'Ce']",-5819.64283178491,0.1439395305197918,2.123178393302089,0.5841436250169912,0.0697784921934518,0.2899328863637027,2426.9972415211782
"['Ge', 'Zr', 'Pb', 'Rh']",-5252.363866166942,0.1183326914836462,2.076712037339468,0.5090018516406919,0.0501888745844957,0.2911475199632027,2437.1648097209013
"['Sn', 'Hf', 'Ru', 'Ir']",-5850.198256519705,0.0478445854820702,2.04863166672198,0.4230224027637222,0.0622905959697832,0.2918434099236418,2442.990030293738
"['Ge', 'Ti', 'Hf', 'Ce']",-6514.057283327882,0.1389970043360343,2.039908532493774,0.3239448543937029,0.0695930174076584,0.2935039288267953,2456.890056772252
"['Sn', 'Pb', 'Ce', 'Ir']",-5179.466897740987,0.1224956424787489,2.162662046120708,0.4366478829233389,0.0808528529642415,0.2939130686121549,2460.3149222399747
"['Pb', 'Ce', 'Ir', 'Pt']",-5084.103841692484,0.1282140687956272,2.1473371362831406,0.4254508179423928,0.0875253985491918,0.2943673019475215,2464.1172610010863
"['Ge', 'Zr', 'Rh', 'Ir']",-5574.716965670952,0.0750868351514572,2.0183894241027334,0.4107940006483979,0.0589468253072049,0.2983845575449013,2497.74527876619
"['Pb', 'Ce', 'Ru', 'Pt']",-5152.081703074504,0.1419920661798328,2.147100374490394,0.4015390533877888,0.0922148826448249,0.2989119657821435,2502.1601568195083
"['Zr', 'Pb', 'Ce', 'Rh']",-5687.720338987002,0.1055837049056879,2.155342085402104,0.6450128394317352,0.0570976560930851,0.3002414062058625,2513.288760689182
"['Ge', 'Hf', 'Zr', 'Ir']",-6286.122727967542,0.085253452607062,2.043134982426042,0.5017928650079804,0.061078140329741,0.3006606690977618,2516.7983656011106
"['Ge', 'Sn', 'Hf', 'Ce']",-5992.760391337715,0.1250505991942753,2.100325008910679,0.3837812157506407,0.0573807108416973,0.3022779108752162,2530.336123880215
"['Ti', 'Sn', 'Ce', 'Pt']",-5629.119383961767,0.1126424703126478,2.094852309868916,0.4930229181943548,0.0589995501521356,0.3036844927563855,2542.1104706553824
"['Pb', 'Ce', 'Rh', 'Ir']",-5215.764142609605,0.1316075088157132,2.138800915380985,0.3904308479003024,0.0748625763243136,0.3037811870575471,2542.9198883283248
"['Hf', 'Pb', 'Ce', 'Ir']",-5927.723946679602,0.1233437993426034,2.1585888313811736,0.6421756410701908,0.0836942791198,0.3038930729330387,2543.8564730482885
"['Hf', 'Pb', 'Ce', 'Rh']",-5818.279483030852,0.1038334055120367,2.145613665853153,0.6775887644743528,0.0540029638893052,0.3052213992698194,2554.9757510151303
"['Sn', 'Pb', 'Ce', 'Rh']",-5066.997666845193,0.0984614557015468,2.148288954304338,0.5043709575976832,0.0579152935478493,0.3070568920077052,2570.340464785796
"['Ge', 'Ti', 'Pb', 'Ce']",-5582.148124312846,0.1829067873641245,2.11699149433256,0.4955520025892862,0.0614154609651991,0.3123294879772746,2614.476802799373
"['Ge', 'Ti', 'Ce', 'V']",-6044.47054625065,0.1621690175791419,2.036888546411193,0.2964639640945653,0.0786125788552607,0.312442049082497,2615.419039795333
"['Ge', 'Ti', 'Ru', 'Ir']",-5649.376259718614,0.0460925872704412,1.976535423319734,0.3116233237755077,0.0438469307339758,0.312678534856575,2617.3986369653703
"['Sn', 'Zr', 'Ce', 'Rh']",-5860.467569822626,0.0970451614131899,2.1273584612935994,0.5199880896014636,0.0551135717611892,0.3140330272688691,2628.736948357116
"['Ge', 'Sn', 'Ce', 'V']",-5524.969580385584,0.1486079420621997,2.063472515929527,0.2630313343754063,0.0866966119133575,0.3142006947047466,2630.140474564409
"['Ge', 'Ce', 'Pt', 'V']",-5428.987025115453,0.1494496688153652,2.043570164325957,0.3623311447907453,0.0956988402001813,0.3170748468745898,2654.1996955634754
"['Pb', 'Ce', 'Rh', 'Ru']",-5281.221685997221,0.1378620197181832,2.138002318075446,0.4233609183915044,0.0676525620204908,0.3181708430578087,2663.37416261601
"['Ti', 'Pb', 'Ce', 'Ir']",-5692.291687327232,0.0672958967264767,1.9735357917390448,0.5073554928734826,0.083854849385268,0.318233236579057,2663.8964521218936
"['Zr', 'Ce', 'Ru', 'V']",-6323.047055698976,0.1369251227256162,2.092948656176229,0.4128057881038912,0.0796115536822476,0.3208282354987721,2685.618911063645
"['Ti', 'Pb', 'Ce', 'Ru']",-5760.726575044824,0.1702701395850775,2.132986321392164,0.515387244165355,0.0833572161566583,0.3209926412903483,2686.995134394672
"['Ge', 'Sn', 'Pb', 'Ce']",-5060.853550297367,0.1363771542598785,2.1260441307070743,0.4388681521393787,0.0722240154531724,0.3210944154370683,2687.8470749125117
"['Sn', 'Ce', 'Ru', 'V']",-5702.79155035394,0.1259076012415875,2.0848169683870763,0.3007816130987752,0.0730525216730462,0.3258188510007178,2727.3948206840564
"['Ti', 'Zr', 'Ce', 'Rh']",-6376.468357136346,0.1269283516716095,2.099119927496556,0.5056607264234685,0.0586185028106518,0.3259469541128181,2728.467158160488
"['Ge', 'Hf', 'Ru', 'Ir']",-5877.450368309221,0.0628132245509241,2.0067850325285512,0.4120216923435008,0.0653296608613472,0.3270811476236961,2737.961370965306
"['Hf', 'Ce', 'Rh', 'Pt']",-5893.542085809489,0.0944991749125541,2.1012988550324265,0.5852493335749174,0.0621688433111455,0.3277546443263288,2743.599139967518
"['Zr', 'Ce', 'Rh', 'Pt']",-5761.667218744707,0.1000384979771309,2.109209886258818,0.5787715550823946,0.0623377160171041,0.32791419431289,2744.93471587312
"['Sn', 'Hf', 'Ce', 'Rh']",-5988.4525604939,0.0901457460548479,2.1179088580841507,0.5526537567834744,0.0502594036831896,0.3290683069444506,2754.5956695108125
"['Ge', 'Zr', 'Ce', 'Pt']",-5758.77808004076,0.1381190819318875,2.088375141310834,0.5162958035700496,0.0819228268069798,0.3292369605396015,2756.007450752111
"['Ti', 'Hf', 'Ce', 'Rh']",-6507.389880426369,0.1201734212586749,2.0905759659721523,0.5402582715392887,0.0615671447882699,0.3295114032464115,2758.304781354159
"['Ti', 'Pb', 'Ce', 'Rh']",-5580.153889447805,0.1353646338711858,2.117742015226737,0.5770305032733996,0.0623764662941188,0.330082399754418,2763.084532169013
"['Hf', 'Zr', 'Ce', 'Rh']",-6606.645059176783,0.092175993348158,2.12464282974221,0.553701515996429,0.0535175256939205,0.3321363112165363,2780.27760576411
"['Ti', 'Zr', 'Ru', 'Ir']",-6227.05530488979,0.074748435241432,2.0308536981234835,0.4399886831434465,0.0596280003818926,0.3323109175309184,2781.7392165826427
"['Hf', 'Ce', 'Ru', 'V']",-6451.029228514402,0.1280709453752631,2.082360577738921,0.44293311042777,0.078012468087075,0.3358745224237571,2811.569772727079
"['Hf', 'Zr', 'Ru', 'Ir']",-6457.571042697269,0.0589144816089059,2.05719366768314,0.5164801029522671,0.0644319430512052,0.337175916169631,2822.463600850484
"['Ge', 'Ti', 'Sn', 'Ce']",-5751.738381474207,0.147834105909984,2.068037583267505,0.3073187525236843,0.067593156865859,0.3384530374553707,2833.154246801181
"['Zr', 'Ce', 'Ir', 'V']",-6247.8194941678175,0.1296304413717974,2.092979594055788,0.4478096057190816,0.0869041314881458,0.3446027128717182,2884.632523235829
"['Ge', 'Ce', 'Rh', 'V']",-5555.956858189051,0.153631907426738,2.036924841316508,0.3283499452260481,0.0896628893037941,0.3448108719983809,2886.375001064212
"['Hf', 'Zr', 'Ce', 'Ru']",-6781.415050465152,0.1044196889609257,2.1255916992417028,0.48021977345284,0.0557159532194432,0.3457133273956332,2893.929358857828
"['Hf', 'Ce', 'Ir', 'V']",-6379.323382866874,0.1210492118703726,2.083543966223788,0.4426466320741942,0.0780224203871723,0.3458922971262756,2895.427495368083
"['Ti', 'Ce', 'Rh', 'Pt']",-5657.082567730531,0.11250575359784,2.0743593758393346,0.515460976384612,0.0636068548202393,0.346107537373082,2897.229248497281
"['Ti', 'Ce', 'Ru', 'V']",-6216.172568070373,0.139690598331072,2.056227148590703,0.3349908164127776,0.0758896598528414,0.3479662528340688,2912.7883572040078
"['Sn', 'Ce', 'Ir', 'V']",-5627.800615377946,0.1205545688252567,2.0871476745330098,0.2930007897518585,0.0801657689227961,0.3486690058925559,2918.671028037971
"['Ge', 'Pb', 'Ce', 'Ru']",-5270.7275602383415,0.1946084130464078,2.1205748275229834,0.3911682560596212,0.0843900077745249,0.3492005899678547,2923.1208615858927
"['Sn', 'Ce', 'Rh', 'Pt']",-5136.269680745167,0.0929954033347241,2.1036605720345167,0.3916829536547878,0.0655276271501943,0.3529908748714936,2954.848931902729
"['Ge', 'Pb', 'Ce', 'Pt']",-4957.381181113165,0.1460632053774864,2.111173867755395,0.4588071416408514,0.0767305271627493,0.3532256532087583,2956.8142363014704
"['Ge', 'Hf', 'Ce', 'Pt']",-5884.206660649407,0.1283462142528888,2.0829668615993,0.5219222731056299,0.0741326417398859,0.3542582170223234,2965.457717759015
"['Pb', 'Ce', 'Ru', 'Ir']",-5380.457142125255,0.1527436348989172,2.1444451938226257,0.3856361057694361,0.0836307520191503,0.3567214523488253,2986.0771977276945
"['Ge', 'Zr', 'Ru', 'Ir']",-5737.916189595915,0.0789215221684187,2.0167078378363,0.3724482405175252,0.0643136151113991,0.3571598837372995,2989.747260078222
"['Ti', 'Zr', 'Ce', 'Ru']",-6546.5527285249445,0.1282569805156998,2.095764941128026,0.434348273256577,0.0673707848190488,0.357827173025389,2995.333067475932
"['Hf', 'Ce', 'Ir', 'Pt']",-5994.269766815023,0.0975484524684679,2.101945088344169,0.5561182371753677,0.082985084123171,0.3604762501896106,3017.508209629614
"['Ti', 'Ce', 'Ir', 'V']",-6142.743291703102,0.1356496572584514,2.0568426347474005,0.3719483011242825,0.0813545064158047,0.3647161787855841,3053.0001992956845
"['Hf', 'Zr', 'Ce', 'Ir']",-6707.085789974617,0.098536204595366,2.1266062805754893,0.4957189977844556,0.0697297959928313,0.3659788163286466,3063.569603382565
"['Ti', 'Sn', 'Ce', 'Rh']",-5746.026478619691,0.1183527691893851,2.0909125640291424,0.445492585773916,0.0580550400369124,0.3707280898164002,3103.3252647653467
"['Sn', 'Zr', 'Ce', 'Ir']",-5955.016977508538,0.1052923558567072,2.1343895901856644,0.4405551513588021,0.0609752069851579,0.3708885132869222,3104.6681525119398
"['Zr', 'Ce', 'Ir', 'Pt']",-5859.758292218711,0.1016279029732326,2.109507298690609,0.532339766077154,0.0768670080981684,0.3709350483462073,3105.057692525614
"['Sn', 'Zr', 'Ce', 'Ru']",-6024.013108089043,0.1012129559151284,2.1269354636497075,0.3963855437752999,0.0581421717131808,0.3714555630649601,3109.4148656715383
"['Sn', 'Hf', 'Ce', 'Ir']",-6085.343082802284,0.0915684550626298,2.1176532218494426,0.4530909542000347,0.0637714180619717,0.3767788139684738,3153.975230729768
"['Zr', 'Ce', 'Ru', 'Pt']",-5926.556584073631,0.105028082106035,2.108165974761734,0.5237958896073036,0.0720853699561788,0.380087405646063,3181.6710984719184
"['Sn', 'Hf', 'Ce', 'Ru']",-6153.565802134248,0.0962948317795141,2.11800959949252,0.439554034596911,0.0573209505154001,0.3803670014361264,3184.0115649837912
"['Ti', 'Hf', 'Ce', 'Ru']",-6672.483058137208,0.1249787598754141,2.0916225096297936,0.4460658981710593,0.066357858653453,0.3808884724627317,3188.376743280663
"['Ge', 'Ce', 'Ru', 'V']",-5724.880800893568,0.1530820677666801,2.038095846960572,0.27948462656154,0.0851306156186833,0.3812240154581436,3191.1855378761647
"['Ge', 'Ti', 'Ce', 'Pt']",-5645.296660480628,0.1391366406201452,2.052888760538886,0.4625127651675448,0.0721904740121926,0.3821833057324362,3199.2156543583824
"['Ge', 'Pb', 'Ce', 'Ir']",-5192.927610342461,0.0813437218912584,1.9508107393111744,0.4333660842328234,0.1037911039861892,0.3830234593905013,3206.24849094395
"['Zr', 'Ce', 'Rh', 'Ru']",-6059.865735803893,0.1120270368146689,2.100924650190948,0.5423442241814503,0.0641769485830658,0.3830604672672582,3206.5582799297044
"['Sn', 'Ce', 'Rh', 'Ir']",-5371.39902900699,0.1002367765928674,2.0965776182235367,0.3561386129223166,0.0688710993472056,0.3844179035824258,3217.9212344181437
"['Ti', 'Ce', 'Ru', 'Pt']",-5825.468050684931,0.1192663064137517,2.071570091552121,0.4501842199374603,0.0717547373910299,0.3846240392317428,3219.6467739336717
"['Hf', 'Ce', 'Rh', 'Ir']",-6121.979066278461,0.0987003435318931,2.093795184275772,0.54584310558896,0.0708611902473751,0.3853237347280878,3225.503850241337
"['Ge', 'Sn', 'Ce', 'Pt']",-5125.312153566746,0.1192476902843044,2.084015235749748,0.3888021342731958,0.0714504166479116,0.385830783576619,3229.7483020251134
"['Ti', 'Ce', 'Rh', 'Ru']",-5959.164519538358,0.1223518192372206,2.0630041180365386,0.4625293881039498,0.0633877010814942,0.3860841433405735,3231.869149563114
"['Sn', 'Ce', 'Ru', 'Pt']",-5305.945122599167,0.1015847267145159,2.1023559500184765,0.391681752188433,0.0713403180366441,0.3864684747785896,3235.086347003507
"['Ti', 'Ce', 'Ir', 'Pt']",-5755.4102855250585,0.1129478823709886,2.072642656455899,0.4802340194745849,0.0691064191294718,0.3882039995293569,3249.614239425549
"['Hf', 'Ce', 'Rh', 'Ru']",-6190.130442222857,0.1021436697003892,2.0900889457410243,0.5122133926214566,0.0630846459970128,0.3891906073034281,3257.8730277822806
"['Ti', 'Hf', 'Ce', 'Ir']",-6600.286706850828,0.1179370149963995,2.087446017193036,0.4563096398468289,0.0685832092341123,0.3928222848170177,3288.2734125682955
"['Zr', 'Ce', 'Rh', 'Ir']",-5987.505928505337,0.1043149578996167,2.102472959524234,0.5061312762481497,0.0688540679119222,0.3956327796691088,3311.7997649558542
"['Sn', 'Ce', 'Rh', 'Ru']",-5437.086878448666,0.1036836548267525,2.093662382523904,0.3589480814028007,0.0572115300971261,0.3979079265590162,3330.844776700172
"['Ti', 'Ce', 'Rh', 'Ir']",-5886.900480812895,0.1176316047628248,2.0680562795247,0.4585142142890613,0.0623795629368768,0.398282359753777,3333.979117002909
"['Ti', 'Zr', 'Ce', 'Ir']",-6466.932382057692,0.1239072986324325,2.0978681550874128,0.4364876528719781,0.0722152964222225,0.3987609665549572,3337.9854834444877
"['Sn', 'Ce', 'Ir', 'Pt']",-5232.174693996969,0.0917009252973779,2.1038320334005824,0.3693327734869778,0.067571298365004,0.4045510266477885,3386.453458394785
"['Ti', 'Sn', 'Ce', 'Ru']",-5915.315710244287,0.121261392609846,2.0895051537508547,0.3561280069459208,0.0639699456903044,0.4057143234321065,3396.191291594806
"['Ge', 'Pb', 'Ce', 'Rh']",-5077.753312044682,0.1675345819735504,2.12353117532586,0.4658491093483581,0.0672901539458619,0.4067339523250508,3404.726496212632
"['Ge', 'Zr', 'Ce', 'Rh']",-5871.633631975474,0.1338050689726699,2.081964040702521,0.5093201303816915,0.0813460929234794,0.4121068963621566,3449.7028371874367
"['Ge', 'Ce', 'Ir', 'V']",-5646.7985087047455,0.1428757933454996,2.040953861805637,0.3146458341266982,0.092564760841937,0.4161497844625961,3483.5454218993927
"['Ge', 'Ti', 'Ce', 'Rh']",-5770.181030169757,0.1409006136166644,2.050522505653824,0.4230014430320552,0.0638979205661107,0.4180656722018065,3499.5831136440097
"['Ti', 'Sn', 'Ce', 'Ir']",-5842.280855578927,0.1173881591286347,2.091821659755053,0.3892394337022446,0.0674515149275958,0.4209235396105333,3523.5060166461626
"['Ge', 'Ce', 'Rh', 'Pt']",-5154.006134027523,0.1212148569412428,2.062323776872903,0.3794506661668271,0.0685113842550773,0.4253991536151398,3560.9709037085686
"['Ge', 'Hf', 'Ce', 'Rh']",-5998.655776063328,0.1270977645982408,2.0757552708053257,0.5247052542087149,0.0697682903884497,0.4309032955042235,3607.045487896959
"['Ge', 'Zr', 'Ce', 'Ru']",-6044.836984694407,0.1438745905716678,2.081419274512857,0.4333700257346105,0.0844929396591584,0.431803594453112,3614.581794291521
"['Ge', 'Sn', 'Ce', 'Rh']",-5247.020778341581,0.1214435851971889,2.075700643022844,0.3642994185885929,0.0656585351800605,0.4341184036174512,3633.958814701175
"['Ge', 'Hf', 'Ce', 'Ru']",-6175.854196115989,0.1415037585281381,2.073622574626708,0.4555327976799763,0.078002275667535,0.434994261822804,3641.29053024064
"['Ge', 'Ti', 'Ce', 'Ru']",-5941.509775295116,0.1479745684421987,2.046030695950358,0.3658797213803883,0.0766086662182414,0.4450850562051611,3725.759492826749
"['Ge', 'Ce', 'Ru', 'Pt']",-5324.326087137034,0.1279796576349496,2.059984906532731,0.3473816855043899,0.0796121745298264,0.4563591314303989,3820.133573033816
"['Ge', 'Ce', 'Ir', 'Pt']",-5255.081496310708,0.1221638938172443,2.061731830966324,0.3748859017938012,0.0755110744443678,0.4567626294875984,3823.5112121973625
"['Ge', 'Ce', 'Rh', 'Ru']",-5457.319464065586,0.1298720819580795,2.0502641262927987,0.3344288193713117,0.0736292775919231,0.4605656883707727,3855.3462121332727
"['Ge', 'Hf', 'Ce', 'Ir']",-6099.90431508066,0.1278917756973297,2.0770742332681094,0.4480806499652976,0.0727665006185075,0.4615902997589201,3863.923124686564
"['Ge', 'Zr', 'Ce', 'Ir']",-5967.844843525551,0.1383734837502056,2.087093166842984,0.4497469341462406,0.0867625685581142,0.4624709610358168,3871.2950462251983
"['Sn', 'Ce', 'Ru', 'Ir']",-5527.749569422041,0.1034057868038688,2.09539098965253,0.3167550069082346,0.0620222834339208,0.4699458997354178,3933.866960132591
"['Ge', 'Ce', 'Rh', 'Ir']",-5385.519858539708,0.1430061239323421,2.067713653004142,0.3335415560381065,0.0782481181542125,0.4709497125980935,3942.2697704493935
"['Ti', 'Ce', 'Ru', 'Ir']",-6045.1816023562,0.1355076260356474,2.077205016802048,0.4135794739543569,0.0595769788143586,0.4762690233745275,3986.797153124447
"['Hf', 'Ce', 'Ru', 'Ir']",-6275.896373387582,0.1049596838936427,2.094808752447025,0.4537683376912317,0.0730047463019404,0.4803565484823693,4021.013389460383
"['Zr', 'Ce', 'Ru', 'Ir']",-6144.01122001023,0.1090760249574738,2.1001325057071942,0.488454710124423,0.0745755040886369,0.4805562793773994,4022.68531546148
"['Ge', 'Sn', 'Ce', 'Ru']",-5413.147248839761,0.1356579236001576,2.077921346649472,0.2890806748551891,0.076887286995592,0.4814591728832189,4030.243340615145
"['Ge', 'Ti', 'Ce', 'Ir']",-5861.007946398353,0.1411896876536276,2.0498522518958264,0.3657892348564063,0.0690143533367981,0.489462140475001,4097.235328012094
"['Ge', 'Sn', 'Ce', 'Ir']",-5341.246200541249,0.1236844358972573,2.079548807396612,0.3219933011071657,0.0825220515883042,0.4922394579411451,4120.483956043565
"['Ge', 'Ce', 'Ru', 'Ir']",-5549.804449027703,0.1539152398278545,2.069881486781916,0.3292021808729411,0.0735771022080891,0.5254853256536514,4398.781565680759
"['Ti', 'Hf', 'Ru', 'Ir']",-6277.727609172941,0.0838208732947215,2.080137625307592,0.5073202079973539,0.1164109463207172,0.6493488784101071,5435.630143416181
